{     "name": "ListView",     "metadata-version": 1,     "author": "SamTEC",     "platforms": [         "Kodular"     ],     "keys": [         "count",         "title",         "subtitle"     ],     "components": [         {             "id": "_ {count}",             "type": "HorizontalArrangement",             "properties": {                 "BackgroundColor": -1,                 "isCard": true,                 "Clickable": true,                 "AlignHorizontal": 1,                 "AlignVertical": 2,                 "Width": -2,                 "Height": -1             },             "components": [                 {                     "id": "image_{count}",                     "type": "Label",                     "properties": {                         "FontTypeface": 7,                         "Text": "account_circle",                         "FontSize": 40,                         "TextColor": -11751600,                         "TextAlignment": 2,                         "Width": -1                     }                 },                 {                     "id": "space_{count}",                     "type": "SpaceView",                     "properties": {                         "WidthPercent": 5                     }                 },                 {                     "id": "VerticalArrangement_{count}",                     "type": "VerticalArrangement",                     "properties": {                         "AlignHorizontal": 1,                         "Clickable": true,                         "AlignVertical": 1,                         "Height": -1,                         "Width": -1                     },                     "components": [                         {                             "id": "label1_{count}",                             "type": "Label",                             "properties": {                                 "Width": -2,                                 "Text": "{title}",                                 "FontSize": 16                             }                         },                         {                             "id": "label2_{count}",                             "type": "Label",                             "properties": {                                 "Width": -2,                                 "Text": "{subtitle}",                                 "FontSize": 14                             }                         }                     ]                 },                 {                     "id": "space001_{count}",                     "type": "SpaceView",                     "properties": {                         "Width": -2                     }                 },                 {                     "id": "{title}_{count}",                     "type": "Radiobutton",                     "properties": {                         "Text": ""                     }                 }             ]         }     ] }